Workbook

Sheet Formato de Carga 7
A1: Area Ejecutora | B1: TIPO | C1: COG | D1: CA | E1: CFG | F1: CP | G1: CTG | H1: Cuenta | I1: DESCRIPCIÓN | J1: CONCEPTO | K1: TOTAL | L1: ENERO | M1: FEBRERO | N1: MARZO | O1: ABRIL | P1: MAYO | Q1: JUNIO | R1: JULIO | S1: AGOSTO | T1: SEPTIEMBRE | U1: OCTUBRE | V1: NOVIEMBRE | W1: DICIEMBRE
A2: 1.5.04 | B2: P | C2: 74801 | D2: 211210080470100 | E2: 2.6.2 | F2: J | G2: 2 | H2: 8.2.1.1.2.2.4.02.01 | I2: Concesión de préstamos al sector privado con fines de gestión de liquidez a Corto Plazo (Aprobado) | J2: PRESUPUESTO INICIAL 2024 | K2: =SUM(L2:W2) -> 2.9021473e+08 | L2: 21433534 | M2: 31460552 | N2: 51800461 | O2: 28833465 | P2: 32393745 | Q2: 48058034 | R2: 2827413.8 | S2: 19533338 | T2: 53874184 | U2: 0 | V2: 0 | W2: 0
A3: 1.5.04 | B3: P | C3: 74802 | D3: 211210080470100 | E3: 2.6.2 | F3: J | G3: 2 | H3: 8.2.1.1.2.2.4.02.02 | I3: Concesión de préstamos al sector privado con fines de gestión de liquidez a Mediano Plazo (Aprobado) | J3: PRESUPUESTO INICIAL 2024 | K3: =SUM(L3:W3) -> 2.0978527e+08 | L3: 13566466 | M3: 25039411 | N3: 35034594 | O3: 18035599 | P3: 28046290 | Q3: 37180171 | R3: 4284631 | S3: 12472294 | T3: 36125816 | U3: 0 | V3: 0 | W3: 0

Sheet Proceso Aut 7
A1: Area Ejecutora | B1: TIPO | C1: Numero poliza | D1: Fecha | E1: Hora | F1: COG | G1: CA | H1: CFG | I1: CP | J1: CTG | K1: Cuenta | L1: DESCRIPCIÓN | M1: CONCEPTO | N1: TOTAL CARGO | O1: TOTAL ABONO | P1: ENERO CARGO | Q1: ENERO ABONO | R1: FEBRERO CARGO | S1: FEBRERO ABONO | T1: MARZO CARGO | U1: MARZO ABONO | V1: ABRIL CARGO | W1: ABRIL ABONO | X1: MAYO CARGO | Y1: MAYO ABONO | Z1: JUNIO CARGO | AA1: JUNIO ABONO | AB1: JULIO CARGO | AC1: JULIO ABONO | AD1: AGOSTO CARGO | AE1: AGOSTO ABONO | AF1: SEPTIEMBRE CARGO | AG1: SEPTIEMBRE ABONO | AH1: OCTUBRE CARGO | AI1: OCTUBRE ABONO | AJ1: NOVIEMBRE CARGO | AK1: NOVIEMBRE ABONO | AL1: DICIEMBRE CARGO | AM1: DICIEMBRE ABONO
A2: 1.5.04 | B2: P | C2: 6 | D2: 01/01/2024 | E2: 16:00 | F2: 74801 | G2: 211210080470100 | H2: 2.6.2 | I2: J | J2: 2 | K2: 8.2.1.1.2.2.4.02.01 | L2: Concesión de préstamos al sector privado con fines de gestión de liquidez a Corto Plazo (Aprobado) | M2: PRESUPUESTO INICIAL 2024 | N2: 0 | O2: =Q2+S2+U2+W2+Y2+AA2+AC2+AE2+AG2+AI2+AK2+AM2 -> 2.9021473e+08 | P2: 0 | Q2: ='Formato de Carga 7'!L2 -> 21433534 | R2: 0 | S2: ='Formato de Carga 7'!M2 -> 31460552 | T2: 0 | U2: ='Formato de Carga 7'!N2 -> 51800461 | V2: 0 | W2: ='Formato de Carga 7'!O2 -> 28833465 | X2: 0 | Y2: ='Formato de Carga 7'!P2 -> 32393745 | Z2: 0 | AA2: ='Formato de Carga 7'!Q2 -> 48058034 | AB2: 0 | AC2: ='Formato de Carga 7'!R2 -> 2827413.8 | AD2: 0 | AE2: ='Formato de Carga 7'!S2 -> 19533338 | AF2: 0 | AG2: ='Formato de Carga 7'!T2 -> 53874184 | AH2: 0 | AI2: ='Formato de Carga 7'!U2 -> 0 | AJ2: 0 | AK2: ='Formato de Carga 7'!V2 -> 0 | AL2: 0 | AM2: ='Formato de Carga 7'!W2 -> 0
A3: 1.5.04 | B3: P | C3: 6 | D3: 01/01/2024 | E3: 16:00 | F3: 74802 | G3: 211210080470100 | H3: 2.6.2 | I3: J | J3: 2 | K3: 8.2.1.1.2.2.4.02.02 | L3: Concesión de préstamos al sector privado con fines de gestión de liquidez a Mediano Plazo (Aprobado) | M3: PRESUPUESTO INICIAL 2024 | N3: 0 | O3: =Q3+S3+U3+W3+Y3+AA3+AC3+AE3+AG3+AI3+AK3+AM3 -> 2.0978527e+08 | P3: 0 | Q3: ='Formato de Carga 7'!L3 -> 13566466 | R3: 0 | S3: ='Formato de Carga 7'!M3 -> 25039411 | T3: 0 | U3: ='Formato de Carga 7'!N3 -> 35034594 | V3: 0 | W3: ='Formato de Carga 7'!O3 -> 18035599 | X3: 0 | Y3: ='Formato de Carga 7'!P3 -> 28046290 | Z3: 0 | AA3: ='Formato de Carga 7'!Q3 -> 37180171 | AB3: 0 | AC3: ='Formato de Carga 7'!R3 -> 4284631 | AD3: 0 | AE3: ='Formato de Carga 7'!S3 -> 12472294 | AF3: 0 | AG3: ='Formato de Carga 7'!T3 -> 36125816 | AH3: 0 | AI3: ='Formato de Carga 7'!U3 -> 0 | AJ3: 0 | AK3: ='Formato de Carga 7'!V3 -> 0 | AL3: 0 | AM3: ='Formato de Carga 7'!W3 -> 0
A4: 1.5.04 | B4: P | C4: 6 | D4: 01/01/2024 | E4: 16:00 | F4: 74801 | G4: 211210080470100 | H4: 2.6.2 | I4: J | J4: 2 | K4: 8.2.2.1.2.2.4.02.01 | L4: Concesión de préstamos al sector privado con fines de gestión de liquidez a Corto Plazo (Por ejercer) | M4: PRESUPUESTO INICIAL 2024 | N4: 2.9021473e+08 | O4: 0 | P4: 21433534 | Q4: 0 | R4: 31460552 | S4: 0 | T4: 51800461 | U4: 0 | V4: 28833465 | W4: 0 | X4: 32393745 | Y4: 0 | Z4: 48058034 | AA4: 0 | AB4: 2827413.8 | AC4: 0 | AD4: 19533338 | AE4: 0 | AF4: 53874184 | AG4: 0 | AH4: 0 | AI4: 0 | AJ4: 0 | AK4: 0 | AL4: 0 | AM4: 0
A5: 1.5.04 | B5: P | C5: 6 | D5: 01/01/2024 | E5: 16:00 | F5: 74802 | G5: 211210080470100 | H5: 2.6.2 | I5: J | J5: 2 | K5: 8.2.2.1.2.2.4.02.02 | L5: Concesión de préstamos al sector privado con fines de gestión de liquidez a Mediano Plazo (Por ejercer) | M5: PRESUPUESTO INICIAL 2024 | N5: 2.0978527e+08 | O5: 0 | P5: 13566466 | Q5: 0 | R5: 25039411 | S5: 0 | T5: 35034594 | U5: 0 | V5: 18035599 | W5: 0 | X5: 28046290 | Y5: 0 | Z5: 37180171 | AA5: 0 | AB5: 4284631 | AC5: 0 | AD5: 12472294 | AE5: 0 | AF5: 36125816 | AG5: 0 | AH5: 0 | AI5: 0 | AJ5: 0 | AK5: 0 | AL5: 0 | AM5: 0

Sheet Tabla de polizas
A1: Area Ejecutora | B1: TIPO | C1: Numero poliza | D1: Fecha | E1: Hora | F1: COG | G1: CA | H1: CFG | I1: CP | J1: CTG | K1: Cuenta | L1: DESCRIPCIÓN | M1: CONCEPTO | N1: TOTAL CARGO | O1: TOTAL ABONO | P1: ENERO CARGO | Q1: ENERO ABONO | R1: FEBRERO CARGO | S1: FEBRERO ABONO | T1: MARZO CARGO | U1: MARZO ABONO | V1: ABRIL CARGO | W1: ABRIL ABONO | X1: MAYO CARGO | Y1: MAYO ABONO | Z1: JUNIO CARGO | AA1: JUNIO ABONO | AB1: JULIO CARGO | AC1: JULIO ABONO | AD1: AGOSTO CARGO | AE1: AGOSTO ABONO | AF1: SEPTIEMBRE CARGO | AG1: SEPTIEMBRE ABONO | AH1: OCTUBRE CARGO | AI1: OCTUBRE ABONO | AJ1: NOVIEMBRE CARGO | AK1: NOVIEMBRE ABONO | AL1: DICIEMBRE CARGO | AM1: DICIEMBRE ABONO
A2: 1.5.04 | B2: P | C2: 6 | D2: 01/01/2024 | E2: 16:00 | F2: 74801 | G2: 211210080470100 | H2: 2.6.2 | I2: J | J2: 2 | K2: 8.2.1.1.2.2.4.02.01 | L2: Concesión de préstamos al sector privado con fines de gestión de liquidez a Corto Plazo (Aprobado) | M2: PRESUPUESTO INICIAL 2024 | N2: 0 | O2: 2.9021473e+08 | P2: 0 | Q2: 21433534 | R2: 0 | S2: 31460552 | T2: 0 | U2: 51800461 | V2: 0 | W2: 28833465 | X2: 0 | Y2: 32393745 | Z2: 0 | AA2: 48058034 | AB2: 0 | AC2: 2827413.8 | AD2: 0 | AE2: 19533338 | AF2: 0 | AG2: 53874184 | AH2: 0 | AI2: 0 | AJ2: 0 | AK2: 0 | AL2: 0 | AM2: 0
A3: 1.5.04 | B3: P | C3: 6 | D3: 01/01/2024 | E3: 16:00 | F3: 74802 | G3: 211210080470100 | H3: 2.6.2 | I3: J | J3: 2 | K3: 8.2.1.1.2.2.4.02.02 | L3: Concesión de préstamos al sector privado con fines de gestión de liquidez a Mediano Plazo (Aprobado) | M3: PRESUPUESTO INICIAL 2024 | N3: 0 | O3: 2.0978527e+08 | P3: 0 | Q3: 13566466 | R3: 0 | S3: 25039411 | T3: 0 | U3: 35034594 | V3: 0 | W3: 18035599 | X3: 0 | Y3: 28046290 | Z3: 0 | AA3: 37180171 | AB3: 0 | AC3: 4284631 | AD3: 0 | AE3: 12472294 | AF3: 0 | AG3: 36125816 | AH3: 0 | AI3: 0 | AJ3: 0 | AK3: 0 | AL3: 0 | AM3: 0
A4: 1.5.04 | B4: P | C4: 6 | D4: 01/01/2024 | E4: 16:00 | F4: 74801 | G4: 211210080470100 | H4: 2.6.2 | I4: J | J4: 2 | K4: 8.2.2.1.2.2.4.02.01 | L4: Concesión de préstamos al sector privado con fines de gestión de liquidez a Corto Plazo (Por ejercer) | M4: PRESUPUESTO INICIAL 2024 | N4: 2.9021473e+08 | O4: 0 | P4: 21433534 | Q4: 0 | R4: 31460552 | S4: 0 | T4: 51800461 | U4: 0 | V4: 28833465 | W4: 0 | X4: 32393745 | Y4: 0 | Z4: 48058034 | AA4: 0 | AB4: 2827413.8 | AC4: 0 | AD4: 19533338 | AE4: 0 | AF4: 53874184 | AG4: 0 | AH4: 0 | AI4: 0 | AJ4: 0 | AK4: 0 | AL4: 0 | AM4: 0
A5: 1.5.04 | B5: P | C5: 6 | D5: 01/01/2024 | E5: 16:00 | F5: 74802 | G5: 211210080470100 | H5: 2.6.2 | I5: J | J5: 2 | K5: 8.2.2.1.2.2.4.02.02 | L5: Concesión de préstamos al sector privado con fines de gestión de liquidez a Mediano Plazo (Por ejercer) | M5: PRESUPUESTO INICIAL 2024 | N5: 2.0978527e+08 | O5: 0 | P5: 13566466 | Q5: 0 | R5: 25039411 | S5: 0 | T5: 35034594 | U5: 0 | V5: 18035599 | W5: 0 | X5: 28046290 | Y5: 0 | Z5: 37180171 | AA5: 0 | AB5: 4284631 | AC5: 0 | AD5: 12472294 | AE5: 0 | AF5: 36125816 | AG5: 0 | AH5: 0 | AI5: 0 | AJ5: 0 | AK5: 0 | AL5: 0 | AM5: 0

Sheet Poliza vista apro
G1: INSTITUTO DE PENSIONES DEL ESTADO DE VERACRUZ | L1: Tipo | M1: P
L2: No. | M2: 6
G3: POLIZA DE PRESUPUESTAL | L3: Fecha | M3: 01/01/2024
L4: Hora | M4: 0.66666667
A6: Cuenta | C6: Descripción | L6: Cargo | M6: Abono
A7: 8.2.2.1.2.2.4.02.01 | C7: Concesión de préstamos al sector privado con fines de gestión de liquidez a Corto Plazo (Por ejercer) | L7: 2.9021473e+08
A8: 8.2.2.1.2.2.4.02.02 | C8: Concesión de préstamos al sector privado con fines de gestión de liquidez a Mediano Plazo (Por ejercer) | L8: 2.0978527e+08
A9: 8.2.1.1.2.2.4.02.01 | C9: Concesión de préstamos al sector privado con fines de gestión de liquidez a Corto Plazo (Aprobado) | M9: 2.9021473e+08
A10: 8.2.1.1.2.2.4.02.02 | C10: Concesión de préstamos al sector privado con fines de gestión de liquidez a Mediano Plazo (Aprobado) | M10: 2.0978527e+08
J28: TOTALES | L28: =SUM(L7:L27) -> 500000000 | M28: =SUM(M7:M27) -> 500000000
A30: Concepto | B30: ='Tabla de polizas'!M2 -> PRESUPUESTO INICIAL 2024
A32: REGISTRÓ | F32: VALIDÓ REGISTRO | K32: AUTORIZÓ REGISTRO
A34: L.A. ANAYUTH ORORIO LOPEZ | F34: C.P. ANIBAL ANDRADE DIAZ | K34: L.C. CLAUDIA IVONNE TEJEDA CHIMALPOPOCA
