Workbook

Sheet Formato de Carga 4
A1: Area Ejecutora | B1: TIPO | C1: COG | D1: CA | E1: CFG | F1: CP | G1: CTG | H1: Cuenta | I1: DESCRIPCIÓN | J1: CONCEPTO | K1: TOTAL | L1: ENERO | M1: FEBRERO | N1: MARZO | O1: ABRIL | P1: MAYO | Q1: JUNIO | R1: JULIO | S1: AGOSTO | T1: SEPTIEMBRE | U1: OCTUBRE | V1: NOVIEMBRE | W1: DICIEMBRE
A2: 1.6.01 | B2: P | C2: 41901 | D2: 211210080470100 | E2: 2.6.2 | F2: J | G2: 2 | H2: 8.2.1.5.2.1.2.05.01 | I2: Transferencias internas otorgadas a fideicomisos públicos financieros (Aprobado) | J2: PRESUPUESTO INICIAL 2024 | K2: =SUM(L2:W2) -> 91500000 | L2: 0 | M2: 35000000 | N2: 0 | O2: 0 | P2: 18800000 | Q2: 0 | R2: 0 | S2: 18800000 | T2: 0 | U2: 0 | V2: 18900000 | W2: 0
A3: 1.5.02 | B3: P | C3: 45101 | D3: 211210080470100 | E3: 2.6.2 | F3: J | G3: 4 | H3: 8.2.1.5.2.5.1.01.01 | I3: Pensiones con Recursos Propios (Aprobado) | J3: PRESUPUESTO INICIAL 2024 | K3: =SUM(L3:W3) -> 4011166655 | L3: 334263888 | M3: 334263888 | N3: 334263888 | O3: 334263888 | P3: 334263888 | Q3: 334263888 | R3: 334263888 | S3: 334263888 | T3: 334263888 | U3: 334263888 | V3: 334263888 | W3: 334263887
A4: 1.5.02 | B4: P | C4: 45102 | D4: 211210080470100 | E4: 2.6.2 | F4: J | G4: 4 | H4: 8.2.1.5.2.5.1.01.02 | I4: Pensiones con Subsidios Federal (Aprobado) | J4: PRESUPUESTO INICIAL 2024 | K4: =SUM(L4:W4) -> 4000004987 | L4: 333333749 | M4: 333333749 | N4: 333333749 | O4: 333333749 | P4: 333333749 | Q4: 333333749 | R4: 333333749 | S4: 333333749 | T4: 333333749 | U4: 333333749 | V4: 333333749 | W4: 333333748
A5: 1.5.02 | B5: P | C5: 45103 | D5: 211210080470100 | E5: 2.6.2 | F5: J | G5: 4 | H5: 8.2.1.5.2.5.1.01.03 | I5: Pensiones con Subsidio Estatal (Aprobado) | J5: PRESUPUESTO INICIAL 2024 | K5: =SUM(L5:W5) -> 343849422 | L5: 28654119 | M5: 28654119 | N5: 28654119 | O5: 28654119 | P5: 28654119 | Q5: 28654119 | R5: 28654119 | S5: 28654119 | T5: 28654119 | U5: 28654119 | V5: 28654119 | W5: 28654113
A6: 1.5.02 | B6: P | C6: 45901 | D6: 211210080470100 | E6: 2.6.2 | F6: J | G6: 4 | H6: 8.2.1.5.2.5.9.01.01 | I6: Gastos de Funeral (Aprobado) | J6: PRESUPUESTO INICIAL 2024 | K6: =SUM(L6:W6) -> 13124620 | L6: 1047547.7 | M6: 1047547.7 | N6: 1047547.7 | O6: 1026547.7 | P6: 1047547.7 | Q6: 1335071.5 | R6: 1335071.5 | S6: 1047547.7 | T6: 1047547.7 | U6: 1047547.7 | V6: 1047547.7 | W6: 1047548
A7: 1.5.02 | B7: P | C7: 45902 | D7: 211210080470100 | E7: 2.6.2 | F7: J | G7: 4 | H7: 8.2.1.5.2.5.9.01.02 | I7: Indeminización global (Aprobado) | J7: PRESUPUESTO INICIAL 2024 | K7: =SUM(L7:W7) -> 43818733 | L7: 3491825.6 | M7: 3491825.6 | N7: 3491825.6 | O7: 3491825.6 | P7: 3491825.6 | Q7: 4450238.4 | R7: 4450238.4 | S7: 3491825.6 | T7: 3491825.6 | U7: 3491825.6 | V7: 3491825.6 | W7: 3491825.6
A8: 1.5.02 | B8: P | C8: 45903 | D8: 211210080470100 | E8: 2.6.2 | F8: J | G8: 4 | H8: 8.2.1.5.2.5.9.01.03 | I8: Gratificación anual (Aprobado) | J8: PRESUPUESTO INICIAL 2024 | K8: =SUM(L8:W8) -> 1.040693e+09 | L8: 2444277.9 | M8: 2444277.9 | N8: 2444277.9 | O8: 2444277.9 | P8: 2444277.9 | Q8: 3115166.9 | R8: 3115166.9 | S8: 2444277.9 | T8: 2444277.9 | U8: 2444277.9 | V8: 2444277.9 | W8: 1012464116
A9: 1.5.02 | B9: P | C9: 45904 | D9: 211210080470100 | E9: 2.6.2 | F9: J | G9: 4 | H9: 8.2.1.5.2.5.9.01.04 | I9: Seguro IMSS Pensionado (Aprobado) | J9: PRESUPUESTO INICIAL 2024 | K9: =SUM(L9:W9) -> 6.3357084e+08 | L9: 55976486 | M9: 51044508 | N9: 45844669 | O9: 49639220 | P9: 46191202 | Q9: 41214173 | R9: 45737216 | S9: 34832897 | T9: 38949313 | U9: 56203685 | V9: 50671956 | W9: 1.1726551e+08

Sheet Proceso Aut 4
A1: Area Ejecutora | B1: TIPO | C1: Numero poliza | F1: COG | G1: CA | H1: CFG | I1: CP | J1: CTG | K1: Cuenta | L1: DESCRIPCIÓN | M1: CONCEPTO | N1: TOTAL CARGO | O1: TOTAL ABONO | P1: ENERO CARGO | Q1: ENERO ABONO | R1: FEBRERO CARGO | S1: FEBRERO ABONO | T1: MARZO CARGO | U1: MARZO ABONO | V1: ABRIL CARGO | W1: ABRIL ABONO | X1: MAYO CARGO | Y1: MAYO ABONO | Z1: JUNIO CARGO | AA1: JUNIO ABONO | AB1: JULIO CARGO | AC1: JULIO ABONO | AD1: AGOSTO CARGO | AE1: AGOSTO ABONO | AF1: SEPTIEMBRE CARGO | AG1: SEPTIEMBRE ABONO | AH1: OCTUBRE CARGO | AI1: OCTUBRE ABONO | AJ1: NOVIEMBRE CARGO | AK1: NOVIEMBRE ABONO | AL1: DICIEMBRE CARGO | AM1: DICIEMBRE ABONO
A2: 1.6.01 | B2: P | C2: 5 | D2: 01/01/2024 | E2: 15:00 | F2: 41901 | G2: 211210080470100 | H2: 2.6.2 | I2: J | J2: 2 | K2: 8.2.1.5.2.1.2.05.01 | L2: Transferencias internas otorgadas a fideicomisos públicos financieros (Aprobado) | M2: PRESUPUESTO INICIAL 2024 | N2: 0 | O2: =Q2+S2+U2+W2+Y2+AA2+AC2+AE2+AG2+AI2+AK2+AM2 -> 91500000 | P2: 0 | Q2: ='Formato de Carga 4'!L2 -> 0 | R2: 0 | S2: ='Formato de Carga 4'!M2 -> 35000000 | T2: 0 | U2: ='Formato de Carga 4'!N2 -> 0 | V2: 0 | W2: ='Formato de Carga 4'!O2 -> 0 | X2: 0 | Y2: ='Formato de Carga 4'!P2 -> 18800000 | Z2: 0 | AA2: ='Formato de Carga 4'!Q2 -> 0 | AB2: 0 | AC2: ='Formato de Carga 4'!R2 -> 0 | AD2: 0 | AE2: ='Formato de Carga 4'!S2 -> 18800000 | AF2: 0 | AG2: ='Formato de Carga 4'!T2 -> 0 | AH2: 0 | AI2: ='Formato de Carga 4'!U2 -> 0 | AJ2: 0 | AK2: ='Formato de Carga 4'!V2 -> 18900000 | AL2: 0 | AM2: ='Formato de Carga 4'!W2 -> 0
A3: 1.5.02 | B3: P | C3: 5 | D3: 01/01/2024 | E3: 15:00 | F3: 45101 | G3: 211210080470100 | H3: 2.6.2 | I3: J | J3: 4 | K3: 8.2.1.5.2.5.1.01.01 | L3: Pensiones con Recursos Propios (Aprobado) | M3: PRESUPUESTO INICIAL 2024 | N3: 0 | O3: =Q3+S3+U3+W3+Y3+AA3+AC3+AE3+AG3+AI3+AK3+AM3 -> 4011166655 | P3: 0 | Q3: ='Formato de Carga 4'!L3 -> 334263888 | R3: 0 | S3: ='Formato de Carga 4'!M3 -> 334263888 | T3: 0 | U3: ='Formato de Carga 4'!N3 -> 334263888 | V3: 0 | W3: ='Formato de Carga 4'!O3 -> 334263888 | X3: 0 | Y3: ='Formato de Carga 4'!P3 -> 334263888 | Z3: 0 | AA3: ='Formato de Carga 4'!Q3 -> 334263888 | AB3: 0 | AC3: ='Formato de Carga 4'!R3 -> 334263888 | AD3: 0 | AE3: ='Formato de Carga 4'!S3 -> 334263888 | AF3: 0 | AG3: ='Formato de Carga 4'!T3 -> 334263888 | AH3: 0 | AI3: ='Formato de Carga 4'!U3 -> 334263888 | AJ3: 0 | AK3: ='Formato de Carga 4'!V3 -> 334263888 | AL3: 0 | AM3: ='Formato de Carga 4'!W3 -> 334263887
A4: 1.5.02 | B4: P | C4: 5 | D4: 01/01/2024 | E4: 15:00 | F4: 45102 | G4: 211210080470100 | H4: 2.6.2 | I4: J | J4: 4 | K4: 8.2.1.5.2.5.1.01.02 | L4: Pensiones con Subsidios Federal (Aprobado) | M4: PRESUPUESTO INICIAL 2024 | N4: 0 | O4: =Q4+S4+U4+W4+Y4+AA4+AC4+AE4+AG4+AI4+AK4+AM4 -> 4000004987 | P4: 0 | Q4: ='Formato de Carga 4'!L4 -> 333333749 | R4: 0 | S4: ='Formato de Carga 4'!M4 -> 333333749 | T4: 0 | U4: ='Formato de Carga 4'!N4 -> 333333749 | V4: 0 | W4: ='Formato de Carga 4'!O4 -> 333333749 | X4: 0 | Y4: ='Formato de Carga 4'!P4 -> 333333749 | Z4: 0 | AA4: ='Formato de Carga 4'!Q4 -> 333333749 | AB4: 0 | AC4: ='Formato de Carga 4'!R4 -> 333333749 | AD4: 0 | AE4: ='Formato de Carga 4'!S4 -> 333333749 | AF4: 0 | AG4: ='Formato de Carga 4'!T4 -> 333333749 | AH4: 0 | AI4: ='Formato de Carga 4'!U4 -> 333333749 | AJ4: 0 | AK4: ='Formato de Carga 4'!V4 -> 333333749 | AL4: 0 | AM4: ='Formato de Carga 4'!W4 -> 333333748
A5: 1.5.02 | B5: P | C5: 5 | D5: 01/01/2024 | E5: 15:00 | F5: 45103 | G5: 211210080470100 | H5: 2.6.2 | I5: J | J5: 4 | K5: 8.2.1.5.2.5.1.01.03 | L5: Pensiones con Subsidio Estatal (Aprobado) | M5: PRESUPUESTO INICIAL 2024 | N5: 0 | O5: =Q5+S5+U5+W5+Y5+AA5+AC5+AE5+AG5+AI5+AK5+AM5 -> 343849422 | P5: 0 | Q5: ='Formato de Carga 4'!L5 -> 28654119 | R5: 0 | S5: ='Formato de Carga 4'!M5 -> 28654119 | T5: 0 | U5: ='Formato de Carga 4'!N5 -> 28654119 | V5: 0 | W5: ='Formato de Carga 4'!O5 -> 28654119 | X5: 0 | Y5: ='Formato de Carga 4'!P5 -> 28654119 | Z5: 0 | AA5: ='Formato de Carga 4'!Q5 -> 28654119 | AB5: 0 | AC5: ='Formato de Carga 4'!R5 -> 28654119 | AD5: 0 | AE5: ='Formato de Carga 4'!S5 -> 28654119 | AF5: 0 | AG5: ='Formato de Carga 4'!T5 -> 28654119 | AH5: 0 | AI5: ='Formato de Carga 4'!U5 -> 28654119 | AJ5: 0 | AK5: ='Formato de Carga 4'!V5 -> 28654119 | AL5: 0 | AM5: ='Formato de Carga 4'!W5 -> 28654113
A6: 1.5.02 | B6: P | C6: 5 | D6: 01/01/2024 | E6: 15:00 | F6: 45901 | G6: 211210080470100 | H6: 2.6.2 | I6: J | J6: 4 | K6: 8.2.1.5.2.5.9.01.01 | L6: Gastos de Funeral (Aprobado) | M6: PRESUPUESTO INICIAL 2024 | N6: 0 | O6: =Q6+S6+U6+W6+Y6+AA6+AC6+AE6+AG6+AI6+AK6+AM6 -> 13124620 | P6: 0 | Q6: ='Formato de Carga 4'!L6 -> 1047547.7 | R6: 0 | S6: ='Formato de Carga 4'!M6 -> 1047547.7 | T6: 0 | U6: ='Formato de Carga 4'!N6 -> 1047547.7 | V6: 0 | W6: ='Formato de Carga 4'!O6 -> 1026547.7 | X6: 0 | Y6: ='Formato de Carga 4'!P6 -> 1047547.7 | Z6: 0 | AA6: ='Formato de Carga 4'!Q6 -> 1335071.5 | AB6: 0 | AC6: ='Formato de Carga 4'!R6 -> 1335071.5 | AD6: 0 | AE6: ='Formato de Carga 4'!S6 -> 1047547.7 | AF6: 0 | AG6: ='Formato de Carga 4'!T6 -> 1047547.7 | AH6: 0 | AI6: ='Formato de Carga 4'!U6 -> 1047547.7 | AJ6: 0 | AK6: ='Formato de Carga 4'!V6 -> 1047547.7 | AL6: 0 | AM6: ='Formato de Carga 4'!W6 -> 1047548
A7: 1.5.02 | B7: P | C7: 5 | D7: 01/01/2024 | E7: 15:00 | F7: 45902 | G7: 211210080470100 | H7: 2.6.2 | I7: J | J7: 4 | K7: 8.2.1.5.2.5.9.01.02 | L7: Indeminización global (Aprobado) | M7: PRESUPUESTO INICIAL 2024 | N7: 0 | O7: =Q7+S7+U7+W7+Y7+AA7+AC7+AE7+AG7+AI7+AK7+AM7 -> 43818733 | P7: 0 | Q7: ='Formato de Carga 4'!L7 -> 3491825.6 | R7: 0 | S7: ='Formato de Carga 4'!M7 -> 3491825.6 | T7: 0 | U7: ='Formato de Carga 4'!N7 -> 3491825.6 | V7: 0 | W7: ='Formato de Carga 4'!O7 -> 3491825.6 | X7: 0 | Y7: ='Formato de Carga 4'!P7 -> 3491825.6 | Z7: 0 | AA7: ='Formato de Carga 4'!Q7 -> 4450238.4 | AB7: 0 | AC7: ='Formato de Carga 4'!R7 -> 4450238.4 | AD7: 0 | AE7: ='Formato de Carga 4'!S7 -> 3491825.6 | AF7: 0 | AG7: ='Formato de Carga 4'!T7 -> 3491825.6 | AH7: 0 | AI7: ='Formato de Carga 4'!U7 -> 3491825.6 | AJ7: 0 | AK7: ='Formato de Carga 4'!V7 -> 3491825.6 | AL7: 0 | AM7: ='Formato de Carga 4'!W7 -> 3491825.6
A8: 1.5.02 | B8: P | C8: 5 | D8: 01/01/2024 | E8: 15:00 | F8: 45903 | G8: 211210080470100 | H8: 2.6.2 | I8: J | J8: 4 | K8: 8.2.1.5.2.5.9.01.03 | L8: Gratificación anual (Aprobado) | M8: PRESUPUESTO INICIAL 2024 | N8: 0 | O8: =Q8+S8+U8+W8+Y8+AA8+AC8+AE8+AG8+AI8+AK8+AM8 -> 1.040693e+09 | P8: 0 | Q8: ='Formato de Carga 4'!L8 -> 2444277.9 | R8: 0 | S8: ='Formato de Carga 4'!M8 -> 2444277.9 | T8: 0 | U8: ='Formato de Carga 4'!N8 -> 2444277.9 | V8: 0 | W8: ='Formato de Carga 4'!O8 -> 2444277.9 | X8: 0 | Y8: ='Formato de Carga 4'!P8 -> 2444277.9 | Z8: 0 | AA8: ='Formato de Carga 4'!Q8 -> 3115166.9 | AB8: 0 | AC8: ='Formato de Carga 4'!R8 -> 3115166.9 | AD8: 0 | AE8: ='Formato de Carga 4'!S8 -> 2444277.9 | AF8: 0 | AG8: ='Formato de Carga 4'!T8 -> 2444277.9 | AH8: 0 | AI8: ='Formato de Carga 4'!U8 -> 2444277.9 | AJ8: 0 | AK8: ='Formato de Carga 4'!V8 -> 2444277.9 | AL8: 0 | AM8: ='Formato de Carga 4'!W8 -> 1012464116
A9: 1.5.02 | B9: P | C9: 5 | D9: 01/01/2024 | E9: 15:00 | F9: 45904 | G9: 211210080470100 | H9: 2.6.2 | I9: J | J9: 4 | K9: 8.2.1.5.2.5.9.01.04 | L9: Seguro IMSS Pensionado (Aprobado) | M9: PRESUPUESTO INICIAL 2024 | N9: 0 | O9: =Q9+S9+U9+W9+Y9+AA9+AC9+AE9+AG9+AI9+AK9+AM9 -> 6.3357084e+08 | P9: 0 | Q9: ='Formato de Carga 4'!L9 -> 55976486 | R9: 0 | S9: ='Formato de Carga 4'!M9 -> 51044508 | T9: 0 | U9: ='Formato de Carga 4'!N9 -> 45844669 | V9: 0 | W9: ='Formato de Carga 4'!O9 -> 49639220 | X9: 0 | Y9: ='Formato de Carga 4'!P9 -> 46191202 | Z9: 0 | AA9: ='Formato de Carga 4'!Q9 -> 41214173 | AB9: 0 | AC9: ='Formato de Carga 4'!R9 -> 45737216 | AD9: 0 | AE9: ='Formato de Carga 4'!S9 -> 34832897 | AF9: 0 | AG9: ='Formato de Carga 4'!T9 -> 38949313 | AH9: 0 | AI9: ='Formato de Carga 4'!U9 -> 56203685 | AJ9: 0 | AK9: ='Formato de Carga 4'!V9 -> 50671956 | AL9: 0 | AM9: ='Formato de Carga 4'!W9 -> 1.1726551e+08
A10: 1.6.01 | B10: P | C10: 5 | D10: 01/01/2024 | E10: 15:00 | F10: 41901 | G10: 211210080470100 | H10: 2.6.2 | I10: J | J10: 2 | K10: 8.2.2.5.2.1.2.05.01 | L10: Transferencias internas otorgadas a fideicomisos públicos financieros (Por ejercer) | M10: PRESUPUESTO INICIAL 2024 | N10: 91500000 | O10: 0 | P10: 0 | Q10: 0 | R10: 35000000 | S10: 0 | T10: 0 | U10: 0 | V10: 0 | W10: 0 | X10: 18800000 | Y10: 0 | Z10: 0 | AA10: 0 | AB10: 0 | AC10: 0 | AD10: 18800000 | AE10: 0 | AF10: 0 | AG10: 0 | AH10: 0 | AI10: 0 | AJ10: 18900000 | AK10: 0 | AL10: 0 | AM10: 0
A11: 1.5.02 | B11: P | C11: 5 | D11: 01/01/2024 | E11: 15:00 | F11: 45101 | G11: 211210080470100 | H11: 2.6.2 | I11: J | J11: 4 | K11: 8.2.2.5.2.5.1.01.01 | L11: Pensiones con Recursos Propios (Por ejercer) | M11: PRESUPUESTO INICIAL 2024 | N11: 4011166655 | O11: 0 | P11: 334263888 | Q11: 0 | R11: 334263888 | S11: 0 | T11: 334263888 | U11: 0 | V11: 334263888 | W11: 0 | X11: 334263888 | Y11: 0 | Z11: 334263888 | AA11: 0 | AB11: 334263888 | AC11: 0 | AD11: 334263888 | AE11: 0 | AF11: 334263888 | AG11: 0 | AH11: 334263888 | AI11: 0 | AJ11: 334263888 | AK11: 0 | AL11: 334263887 | AM11: 0
A12: 1.5.02 | B12: P | C12: 5 | D12: 01/01/2024 | E12: 15:00 | F12: 45102 | G12: 211210080470100 | H12: 2.6.2 | I12: J | J12: 4 | K12: 8.2.2.5.2.5.1.01.02 | L12: Pensiones con Subsidios Federal (Por ejercer) | M12: PRESUPUESTO INICIAL 2024 | N12: 4000004987 | O12: 0 | P12: 333333749 | Q12: 0 | R12: 333333749 | S12: 0 | T12: 333333749 | U12: 0 | V12: 333333749 | W12: 0 | X12: 333333749 | Y12: 0 | Z12: 333333749 | AA12: 0 | AB12: 333333749 | AC12: 0 | AD12: 333333749 | AE12: 0 | AF12: 333333749 | AG12: 0 | AH12: 333333749 | AI12: 0 | AJ12: 333333749 | AK12: 0 | AL12: 333333748 | AM12: 0
A13: 1.5.02 | B13: P | C13: 5 | D13: 01/01/2024 | E13: 15:00 | F13: 45103 | G13: 211210080470100 | H13: 2.6.2 | I13: J | J13: 4 | K13: 8.2.2.5.2.5.1.01.03 | L13: Pensiones con Subsidio Estatal (Por ejercer) | M13: PRESUPUESTO INICIAL 2024 | N13: 343849422 | O13: 0 | P13: 28654119 | Q13: 0 | R13: 28654119 | S13: 0 | T13: 28654119 | U13: 0 | V13: 28654119 | W13: 0 | X13: 28654119 | Y13: 0 | Z13: 28654119 | AA13: 0 | AB13: 28654119 | AC13: 0 | AD13: 28654119 | AE13: 0 | AF13: 28654119 | AG13: 0 | AH13: 28654119 | AI13: 0 | AJ13: 28654119 | AK13: 0 | AL13: 28654113 | AM13: 0
A14: 1.5.02 | B14: P | C14: 5 | D14: 01/01/2024 | E14: 15:00 | F14: 45901 | G14: 211210080470100 | H14: 2.6.2 | I14: J | J14: 4 | K14: 8.2.2.5.2.5.9.01.01 | L14: Gastos de Funeral (Por ejercer) | M14: PRESUPUESTO INICIAL 2024 | N14: 13124620 | O14: 0 | P14: 1047547.7 | Q14: 0 | R14: 1047547.7 | S14: 0 | T14: 1047547.7 | U14: 0 | V14: 1026547.7 | W14: 0 | X14: 1047547.7 | Y14: 0 | Z14: 1335071.5 | AA14: 0 | AB14: 1335071.5 | AC14: 0 | AD14: 1047547.7 | AE14: 0 | AF14: 1047547.7 | AG14: 0 | AH14: 1047547.7 | AI14: 0 | AJ14: 1047547.7 | AK14: 0 | AL14: 1047548 | AM14: 0
A15: 1.5.02 | B15: P | C15: 5 | D15: 01/01/2024 | E15: 15:00 | F15: 45902 | G15: 211210080470100 | H15: 2.6.2 | I15: J | J15: 4 | K15: 8.2.2.5.2.5.9.01.02 | L15: Indeminización global (Por ejercer) | M15: PRESUPUESTO INICIAL 2024 | N15: 43818733 | O15: 0 | P15: 3491825.6 | Q15: 0 | R15: 3491825.6 | S15: 0 | T15: 3491825.6 | U15: 0 | V15: 3491825.6 | W15: 0 | X15: 3491825.6 | Y15: 0 | Z15: 4450238.4 | AA15: 0 | AB15: 4450238.4 | AC15: 0 | AD15: 3491825.6 | AE15: 0 | AF15: 3491825.6 | AG15: 0 | AH15: 3491825.6 | AI15: 0 | AJ15: 3491825.6 | AK15: 0 | AL15: 3491825.6 | AM15: 0
A16: 1.5.02 | B16: P | C16: 5 | D16: 01/01/2024 | E16: 15:00 | F16: 45903 | G16: 211210080470100 | H16: 2.6.2 | I16: J | J16: 4 | K16: 8.2.2.5.2.5.9.01.03 | L16: Gratificación anual (Por ejercer) | M16: PRESUPUESTO INICIAL 2024 | N16: 1.040693e+09 | O16: 0 | P16: 2444277.9 | Q16: 0 | R16: 2444277.9 | S16: 0 | T16: 2444277.9 | U16: 0 | V16: 2444277.9 | W16: 0 | X16: 2444277.9 | Y16: 0 | Z16: 3115166.9 | AA16: 0 | AB16: 3115166.9 | AC16: 0 | AD16: 2444277.9 | AE16: 0 | AF16: 2444277.9 | AG16: 0 | AH16: 2444277.9 | AI16: 0 | AJ16: 2444277.9 | AK16: 0 | AL16: 1012464116 | AM16: 0
A17: 1.5.02 | B17: P | C17: 5 | D17: 01/01/2024 | E17: 15:00 | F17: 45904 | G17: 211210080470100 | H17: 2.6.2 | I17: J | J17: 4 | K17: 8.2.2.5.2.5.9.01.04 | L17: Seguro IMSS Pensionado (Por ejercer) | M17: PRESUPUESTO INICIAL 2024 | N17: 6.3357084e+08 | O17: 0 | P17: 55976486 | Q17: 0 | R17: 51044508 | S17: 0 | T17: 45844669 | U17: 0 | V17: 49639220 | W17: 0 | X17: 46191202 | Y17: 0 | Z17: 41214173 | AA17: 0 | AB17: 45737216 | AC17: 0 | AD17: 34832897 | AE17: 0 | AF17: 38949313 | AG17: 0 | AH17: 56203685 | AI17: 0 | AJ17: 50671956 | AK17: 0 | AL17: 1.1726551e+08 | AM17: 0

Sheet Tabla de polizas
A1: Area Ejecutora | B1: TIPO | C1: Numero poliza | D1: Fecha | E1: Hora | F1: COG | G1: CA | H1: CFG | I1: CP | J1: CTG | K1: Cuenta | L1: DESCRIPCIÓN | M1: CONCEPTO | N1: TOTAL CARGO | O1: TOTAL ABONO | P1: ENERO CARGO | Q1: ENERO ABONO | R1: FEBRERO CARGO | S1: FEBRERO ABONO | T1: MARZO CARGO | U1: MARZO ABONO | V1: ABRIL CARGO | W1: ABRIL ABONO | X1: MAYO CARGO | Y1: MAYO ABONO | Z1: JUNIO CARGO | AA1: JUNIO ABONO | AB1: JULIO CARGO | AC1: JULIO ABONO | AD1: AGOSTO CARGO | AE1: AGOSTO ABONO | AF1: SEPTIEMBRE CARGO | AG1: SEPTIEMBRE ABONO | AH1: OCTUBRE CARGO | AI1: OCTUBRE ABONO | AJ1: NOVIEMBRE CARGO | AK1: NOVIEMBRE ABONO | AL1: DICIEMBRE CARGO | AM1: DICIEMBRE ABONO
A2: 1.6.01 | B2: P | C2: 5 | D2: 01/01/2024 | E2: 15:00 | F2: 41901 | G2: 211210080470100 | H2: 2.6.2 | I2: J | J2: 2 | K2: 8.2.1.5.2.1.2.05.01 | L2: Transferencias internas otorgadas a fideicomisos públicos financieros (Aprobado) | M2: PRESUPUESTO INICIAL 2024 | N2: 0 | O2: 91500000 | P2: 0 | Q2: 0 | R2: 0 | S2: 35000000 | T2: 0 | U2: 0 | V2: 0 | W2: 0 | X2: 0 | Y2: 18800000 | Z2: 0 | AA2: 0 | AB2: 0 | AC2: 0 | AD2: 0 | AE2: 18800000 | AF2: 0 | AG2: 0 | AH2: 0 | AI2: 0 | AJ2: 0 | AK2: 18900000 | AL2: 0 | AM2: 0
A3: 1.5.02 | B3: P | C3: 5 | D3: 01/01/2024 | E3: 15:00 | F3: 45101 | G3: 211210080470100 | H3: 2.6.2 | I3: J | J3: 4 | K3: 8.2.1.5.2.5.1.01.01 | L3: Pensiones con Recursos Propios (Aprobado) | M3: PRESUPUESTO INICIAL 2024 | N3: 0 | O3: 4011166655 | P3: 0 | Q3: 334263888 | R3: 0 | S3: 334263888 | T3: 0 | U3: 334263888 | V3: 0 | W3: 334263888 | X3: 0 | Y3: 334263888 | Z3: 0 | AA3: 334263888 | AB3: 0 | AC3: 334263888 | AD3: 0 | AE3: 334263888 | AF3: 0 | AG3: 334263888 | AH3: 0 | AI3: 334263888 | AJ3: 0 | AK3: 334263888 | AL3: 0 | AM3: 334263887
A4: 1.5.02 | B4: P | C4: 5 | D4: 01/01/2024 | E4: 15:00 | F4: 45102 | G4: 211210080470100 | H4: 2.6.2 | I4: J | J4: 4 | K4: 8.2.1.5.2.5.1.01.02 | L4: Pensiones con Subsidios Federal (Aprobado) | M4: PRESUPUESTO INICIAL 2024 | N4: 0 | O4: 4000004987 | P4: 0 | Q4: 333333749 | R4: 0 | S4: 333333749 | T4: 0 | U4: 333333749 | V4: 0 | W4: 333333749 | X4: 0 | Y4: 333333749 | Z4: 0 | AA4: 333333749 | AB4: 0 | AC4: 333333749 | AD4: 0 | AE4: 333333749 | AF4: 0 | AG4: 333333749 | AH4: 0 | AI4: 333333749 | AJ4: 0 | AK4: 333333749 | AL4: 0 | AM4: 333333748
A5: 1.5.02 | B5: P | C5: 5 | D5: 01/01/2024 | E5: 15:00 | F5: 45103 | G5: 211210080470100 | H5: 2.6.2 | I5: J | J5: 4 | K5: 8.2.1.5.2.5.1.01.03 | L5: Pensiones con Subsidio Estatal (Aprobado) | M5: PRESUPUESTO INICIAL 2024 | N5: 0 | O5: 343849422 | P5: 0 | Q5: 28654119 | R5: 0 | S5: 28654119 | T5: 0 | U5: 28654119 | V5: 0 | W5: 28654119 | X5: 0 | Y5: 28654119 | Z5: 0 | AA5: 28654119 | AB5: 0 | AC5: 28654119 | AD5: 0 | AE5: 28654119 | AF5: 0 | AG5: 28654119 | AH5: 0 | AI5: 28654119 | AJ5: 0 | AK5: 28654119 | AL5: 0 | AM5: 28654113
A6: 1.5.02 | B6: P | C6: 5 | D6: 01/01/2024 | E6: 15:00 | F6: 45901 | G6: 211210080470100 | H6: 2.6.2 | I6: J | J6: 4 | K6: 8.2.1.5.2.5.9.01.01 | L6: Gastos de Funeral (Aprobado) | M6: PRESUPUESTO INICIAL 2024 | N6: 0 | O6: 13124620 | P6: 0 | Q6: 1047547.7 | R6: 0 | S6: 1047547.7 | T6: 0 | U6: 1047547.7 | V6: 0 | W6: 1026547.7 | X6: 0 | Y6: 1047547.7 | Z6: 0 | AA6: 1335071.5 | AB6: 0 | AC6: 1335071.5 | AD6: 0 | AE6: 1047547.7 | AF6: 0 | AG6: 1047547.7 | AH6: 0 | AI6: 1047547.7 | AJ6: 0 | AK6: 1047547.7 | AL6: 0 | AM6: 1047548
A7: 1.5.02 | B7: P | C7: 5 | D7: 01/01/2024 | E7: 15:00 | F7: 45902 | G7: 211210080470100 | H7: 2.6.2 | I7: J | J7: 4 | K7: 8.2.1.5.2.5.9.01.02 | L7: Indeminización global (Aprobado) | M7: PRESUPUESTO INICIAL 2024 | N7: 0 | O7: 43818733 | P7: 0 | Q7: 3491825.6 | R7: 0 | S7: 3491825.6 | T7: 0 | U7: 3491825.6 | V7: 0 | W7: 3491825.6 | X7: 0 | Y7: 3491825.6 | Z7: 0 | AA7: 4450238.4 | AB7: 0 | AC7: 4450238.4 | AD7: 0 | AE7: 3491825.6 | AF7: 0 | AG7: 3491825.6 | AH7: 0 | AI7: 3491825.6 | AJ7: 0 | AK7: 3491825.6 | AL7: 0 | AM7: 3491825.6
A8: 1.5.02 | B8: P | C8: 5 | D8: 01/01/2024 | E8: 15:00 | F8: 45903 | G8: 211210080470100 | H8: 2.6.2 | I8: J | J8: 4 | K8: 8.2.1.5.2.5.9.01.03 | L8: Gratificación anual (Aprobado) | M8: PRESUPUESTO INICIAL 2024 | N8: 0 | O8: 1.040693e+09 | P8: 0 | Q8: 2444277.9 | R8: 0 | S8: 2444277.9 | T8: 0 | U8: 2444277.9 | V8: 0 | W8: 2444277.9 | X8: 0 | Y8: 2444277.9 | Z8: 0 | AA8: 3115166.9 | AB8: 0 | AC8: 3115166.9 | AD8: 0 | AE8: 2444277.9 | AF8: 0 | AG8: 2444277.9 | AH8: 0 | AI8: 2444277.9 | AJ8: 0 | AK8: 2444277.9 | AL8: 0 | AM8: 1012464116
A9: 1.5.02 | B9: P | C9: 5 | D9: 01/01/2024 | E9: 15:00 | F9: 45904 | G9: 211210080470100 | H9: 2.6.2 | I9: J | J9: 4 | K9: 8.2.1.5.2.5.9.01.04 | L9: Seguro IMSS Pensionado (Aprobado) | M9: PRESUPUESTO INICIAL 2024 | N9: 0 | O9: 6.3357084e+08 | P9: 0 | Q9: 55976486 | R9: 0 | S9: 51044508 | T9: 0 | U9: 45844669 | V9: 0 | W9: 49639220 | X9: 0 | Y9: 46191202 | Z9: 0 | AA9: 41214173 | AB9: 0 | AC9: 45737216 | AD9: 0 | AE9: 34832897 | AF9: 0 | AG9: 38949313 | AH9: 0 | AI9: 56203685 | AJ9: 0 | AK9: 50671956 | AL9: 0 | AM9: 1.1726551e+08
A10: 1.6.01 | B10: P | C10: 5 | D10: 01/01/2024 | E10: 15:00 | F10: 41901 | G10: 211210080470100 | H10: 2.6.2 | I10: J | J10: 2 | K10: 8.2.2.5.2.1.2.05.01 | L10: Transferencias internas otorgadas a fideicomisos públicos financieros (Por ejercer) | M10: PRESUPUESTO INICIAL 2024 | N10: 91500000 | O10: 0 | P10: 0 | Q10: 0 | R10: 35000000 | S10: 0 | T10: 0 | U10: 0 | V10: 0 | W10: 0 | X10: 18800000 | Y10: 0 | Z10: 0 | AA10: 0 | AB10: 0 | AC10: 0 | AD10: 18800000 | AE10: 0 | AF10: 0 | AG10: 0 | AH10: 0 | AI10: 0 | AJ10: 18900000 | AK10: 0 | AL10: 0 | AM10: 0
A11: 1.5.02 | B11: P | C11: 5 | D11: 01/01/2024 | E11: 15:00 | F11: 45101 | G11: 211210080470100 | H11: 2.6.2 | I11: J | J11: 4 | K11: 8.2.2.5.2.5.1.01.01 | L11: Pensiones con Recursos Propios (Por ejercer) | M11: PRESUPUESTO INICIAL 2024 | N11: 4011166655 | O11: 0 | P11: 334263888 | Q11: 0 | R11: 334263888 | S11: 0 | T11: 334263888 | U11: 0 | V11: 334263888 | W11: 0 | X11: 334263888 | Y11: 0 | Z11: 334263888 | AA11: 0 | AB11: 334263888 | AC11: 0 | AD11: 334263888 | AE11: 0 | AF11: 334263888 | AG11: 0 | AH11: 334263888 | AI11: 0 | AJ11: 334263888 | AK11: 0 | AL11: 334263887 | AM11: 0
A12: 1.5.02 | B12: P | C12: 5 | D12: 01/01/2024 | E12: 15:00 | F12: 45102 | G12: 211210080470100 | H12: 2.6.2 | I12: J | J12: 4 | K12: 8.2.2.5.2.5.1.01.02 | L12: Pensiones con Subsidios Federal (Por ejercer) | M12: PRESUPUESTO INICIAL 2024 | N12: 4000004987 | O12: 0 | P12: 333333749 | Q12: 0 | R12: 333333749 | S12: 0 | T12: 333333749 | U12: 0 | V12: 333333749 | W12: 0 | X12: 333333749 | Y12: 0 | Z12: 333333749 | AA12: 0 | AB12: 333333749 | AC12: 0 | AD12: 333333749 | AE12: 0 | AF12: 333333749 | AG12: 0 | AH12: 333333749 | AI12: 0 | AJ12: 333333749 | AK12: 0 | AL12: 333333748 | AM12: 0
A13: 1.5.02 | B13: P | C13: 5 | D13: 01/01/2024 | E13: 15:00 | F13: 45103 | G13: 211210080470100 | H13: 2.6.2 | I13: J | J13: 4 | K13: 8.2.2.5.2.5.1.01.03 | L13: Pensiones con Subsidio Estatal (Por ejercer) | M13: PRESUPUESTO INICIAL 2024 | N13: 343849422 | O13: 0 | P13: 28654119 | Q13: 0 | R13: 28654119 | S13: 0 | T13: 28654119 | U13: 0 | V13: 28654119 | W13: 0 | X13: 28654119 | Y13: 0 | Z13: 28654119 | AA13: 0 | AB13: 28654119 | AC13: 0 | AD13: 28654119 | AE13: 0 | AF13: 28654119 | AG13: 0 | AH13: 28654119 | AI13: 0 | AJ13: 28654119 | AK13: 0 | AL13: 28654113 | AM13: 0
A14: 1.5.02 | B14: P | C14: 5 | D14: 01/01/2024 | E14: 15:00 | F14: 45901 | G14: 211210080470100 | H14: 2.6.2 | I14: J | J14: 4 | K14: 8.2.2.5.2.5.9.01.01 | L14: Gastos de Funeral (Por ejercer) | M14: PRESUPUESTO INICIAL 2024 | N14: 13124620 | O14: 0 | P14: 1047547.7 | Q14: 0 | R14: 1047547.7 | S14: 0 | T14: 1047547.7 | U14: 0 | V14: 1026547.7 | W14: 0 | X14: 1047547.7 | Y14: 0 | Z14: 1335071.5 | AA14: 0 | AB14: 1335071.5 | AC14: 0 | AD14: 1047547.7 | AE14: 0 | AF14: 1047547.7 | AG14: 0 | AH14: 1047547.7 | AI14: 0 | AJ14: 1047547.7 | AK14: 0 | AL14: 1047548 | AM14: 0
A15: 1.5.02 | B15: P | C15: 5 | D15: 01/01/2024 | E15: 15:00 | F15: 45902 | G15: 211210080470100 | H15: 2.6.2 | I15: J | J15: 4 | K15: 8.2.2.5.2.5.9.01.02 | L15: Indeminización global (Por ejercer) | M15: PRESUPUESTO INICIAL 2024 | N15: 43818733 | O15: 0 | P15: 3491825.6 | Q15: 0 | R15: 3491825.6 | S15: 0 | T15: 3491825.6 | U15: 0 | V15: 3491825.6 | W15: 0 | X15: 3491825.6 | Y15: 0 | Z15: 4450238.4 | AA15: 0 | AB15: 4450238.4 | AC15: 0 | AD15: 3491825.6 | AE15: 0 | AF15: 3491825.6 | AG15: 0 | AH15: 3491825.6 | AI15: 0 | AJ15: 3491825.6 | AK15: 0 | AL15: 3491825.6 | AM15: 0
A16: 1.5.02 | B16: P | C16: 5 | D16: 01/01/2024 | E16: 15:00 | F16: 45903 | G16: 211210080470100 | H16: 2.6.2 | I16: J | J16: 4 | K16: 8.2.2.5.2.5.9.01.03 | L16: Gratificación anual (Por ejercer) | M16: PRESUPUESTO INICIAL 2024 | N16: 1.040693e+09 | O16: 0 | P16: 2444277.9 | Q16: 0 | R16: 2444277.9 | S16: 0 | T16: 2444277.9 | U16: 0 | V16: 2444277.9 | W16: 0 | X16: 2444277.9 | Y16: 0 | Z16: 3115166.9 | AA16: 0 | AB16: 3115166.9 | AC16: 0 | AD16: 2444277.9 | AE16: 0 | AF16: 2444277.9 | AG16: 0 | AH16: 2444277.9 | AI16: 0 | AJ16: 2444277.9 | AK16: 0 | AL16: 1012464116 | AM16: 0
A17: 1.5.02 | B17: P | C17: 5 | D17: 01/01/2024 | E17: 15:00 | F17: 45904 | G17: 211210080470100 | H17: 2.6.2 | I17: J | J17: 4 | K17: 8.2.2.5.2.5.9.01.04 | L17: Seguro IMSS Pensionado (Por ejercer) | M17: PRESUPUESTO INICIAL 2024 | N17: 6.3357084e+08 | O17: 0 | P17: 55976486 | Q17: 0 | R17: 51044508 | S17: 0 | T17: 45844669 | U17: 0 | V17: 49639220 | W17: 0 | X17: 46191202 | Y17: 0 | Z17: 41214173 | AA17: 0 | AB17: 45737216 | AC17: 0 | AD17: 34832897 | AE17: 0 | AF17: 38949313 | AG17: 0 | AH17: 56203685 | AI17: 0 | AJ17: 50671956 | AK17: 0 | AL17: 1.1726551e+08 | AM17: 0

Sheet Poliza vista apro
G1: INSTITUTO DE PENSIONES DEL ESTADO DE VERACRUZ | L1: Tipo | M1: ='Tabla de polizas'!B2 -> P
L2: No. | M2: ='Tabla de polizas'!C2 -> 5
G3: POLIZA DE PRESUPUESTAL | L3: Fecha | M3: 01/01/2024
L4: Hora | M4: 15:00
A6: Cuenta | C6: Descripción | L6: Cargo | M6: Abono
A7: 8.2.2.5.2.1.2.05.01 | C7: Transferencias internas otorgadas a fideicomisos públicos financieros (Por ejercer) | L7: 91500000
A8: 8.2.2.5.2.5.1.01.01 | C8: Pensiones con Recursos Propios (Por ejercer) | L8: 4011166655
A9: 8.2.2.5.2.5.1.01.02 | C9: Pensiones con Subsidios Federal (Por ejercer) | L9: 4000004987
A10: 8.2.2.5.2.5.1.01.03 | C10: Pensiones con Subsidio Estatal (Por ejercer) | L10: 343849422
A11: 8.2.2.5.2.5.9.01.01 | C11: Gastos de Funeral (Por ejercer) | L11: 13124620
A12: 8.2.2.5.2.5.9.01.02 | C12: Indeminización global (Por ejercer) | L12: 43818733
A13: 8.2.2.5.2.5.9.01.03 | C13: Gratificación anual (Por ejercer) | L13: 1.040693e+09
A14: 8.2.2.5.2.5.9.01.04 | C14: Seguro IMSS Pensionado (Por ejercer) | L14: 6.3357084e+08
A15: 8.2.1.5.2.1.2.05.01 | C15: Transferencias internas otorgadas a fideicomisos públicos financieros (Aprobado) | M15: 91500000
A16: 8.2.1.5.2.5.1.01.01 | C16: Pensiones con Recursos Propios (Aprobado) | M16: 4011166655
A17: 8.2.1.5.2.5.1.01.02 | C17: Pensiones con Subsidios Federal (Aprobado) | M17: 4000004987
A18: 8.2.1.5.2.5.1.01.03 | C18: Pensiones con Subsidio Estatal (Aprobado) | M18: 343849422
A19: 8.2.1.5.2.5.9.01.01 | C19: Gastos de Funeral (Aprobado) | M19: 13124620
A20: 8.2.1.5.2.5.9.01.02 | C20: Indeminización global (Aprobado) | M20: 43818733
A21: 8.2.1.5.2.5.9.01.03 | C21: Gratificación anual (Aprobado) | M21: 1.040693e+09
A22: 8.2.1.5.2.5.9.01.04 | C22: Seguro IMSS Pensionado (Aprobado) | M22: 6.3357084e+08
J28: TOTALES | L28: =SUM(L7:L27) -> 10177728204 | M28: =SUM(M7:M27) -> 10177728204
A30: Concepto | B30: ='[1]Acumulado de poliza inicial'!J2 -> PRESUPUESTO INICIAL 2024
A32: REGISTRÓ | F32: VALIDÓ REGISTRO | K32: AUTORIZÓ REGISTRO
A34: L.A. ANAYUTH ORORIO LOPEZ | F34: C.P. ANIBAL ANDRADE DIAZ | K34: L.C. CLAUDIA IVONNE TEJEDA CHIMALPOPOCA
